{"cameraMode":{"drawMode":0,"name":"Shaded","section":"Shading Mode"},"sceneLighting":true,"audioPlay":false,"sceneViewState":{"showFog":true,"showMaterialUpdate":false,"showSkybox":true,"showFlares":true,"showImageEffects":true,"showParticleSystems":true,"showVisualEffectGraphs":true,"m_FxEnabled":true},"in2DMode":false,"pivot":{"x":0.21764656901359559,"y":1.974036693572998,"z":-1.6858924627304078},"rotation":{"x":0.6463724970817566,"y":0.01029980555176735,"z":-0.008726576343178749,"w":0.7629016637802124},"size":3.2503840923309328,"orthographic":false}